Country,Density
Russia,8911.48
Gabon,8660.44
Kazakhstan,6956.91
Mauritania,4514.23
Guyana,4013.02
Libya,3906.36
Suriname,3760.46
Iceland,3412.43
Namibia,3087.37
Bahrain,2238.91
Mongolia,2110.94
Bangladesh,1265.19
Palestine State,847.41
Micronesia,784.16
Barbados,668.31
Lebanon,667.2
Mauritius,626.49
San Marino,565.52
Nauru,541.2
South Korea,527.3
Rwanda,525.02
Netherlands,508.15
Comoros,467.28
India,464.15
Burundi,463.04
Haiti,413.73
Israel,399.98
Tuvalu,393.07
Belgium,382.75
Philippines,367.51
Japan,346.93
Sri Lanka,341.46
Grenada,330.95
Marshall Islands,328.83
Vietnam,313.92
El Salvador,313.04
Saint Lucia,301.03
Pakistan,286.55
Saint Vincent and the Grenadines,284.46
United Kingdom,280.6
Jamaica,273.42
Trinidad and Tobago,272.8
Qatar,248.15
Luxembourg,241.69
Germany,240.37
Kuwait,239.65
Gambia,238.8
Liechtenstein,238.3
Uganda,228.92
Sao Tome and Principe,228.29
Nigeria,226.34
Dominican Republic,224.5
Antigua and Barbuda,222.57
Switzerland,219.02
North Korea,214.09
Seychelles,213.8
Italy,205.55
Saint Kitts and Nevis,204.61
Nepal,203.26
Malawi,202.91
Guatemala,167.19
Andorra,164.39
China,153.31
Togo,152.21
Indonesia,150.99
Kiribati,147.47
Tonga,146.8
Czechia (Czech Republic),138.65
Thailand,136.62
Ghana,136.56
Denmark,136.51
Cyprus,130.67
Poland,123.59
Moldova,122.8
Azerbaijan,122.66
France,119.21
United Arab Emirates,118.31
Ethiopia,114.96
Jordan,114.93
Slovakia,113.53
Portugal,111.33
Sierra Leone,110.52
Turkey,109.58
Austria,109.29
Benin,107.51
Hungary,106.71
Cuba,106.41
Albania,105.03
Armenia,104.08
Slovenia,103.22
Egypt,102.8
Serbia,99.9
Costa Rica,99.77
Malaysia,98.51
Dominica,95.98
Syria,95.3
Cambodia,94.71
Kenya,94.48
Spain,93.73
Iraq,92.61
Timor-Leste,88.66
Honduras,88.52
Senegal,86.97
Romania,83.58
Myanmar (formerly Burma),83.29
Brunei,83.01
Morocco,82.7
North Macedonia,82.61
Greece,80.86
Uzbekistan,78.68
Burkina Faso,76.4
Tunisia,76.07
Ukraine,75.49
Croatia,73.36
Ireland,71.68
Ecuador,71.04
Lesotho,70.56
Samoa,70.11
Guinea-Bissau,69.99
Tajikistan,68.15
Eswatini (fmr. "Swaziland"),67.45
Tanzania,67.44
Mexico,66.33
Bosnia and Herzegovina,64.33
Bulgaria,64.01
Afghanistan,59.63
Panama,58.04
Georgia,57.41
Yemen,56.49
Cameroon,56.16
Nicaragua,55.05
Guinea,53.45
Liberia,52.51
Iran,51.58
Equatorial Guinea,50.02
Fiji,49.07
South Africa,48.89
Madagascar,47.6
Montenegro,46.7
Belarus,46.57
Colombia,45.86
Lithuania,43.44
Djibouti,42.62
Mozambique,39.75
Democratic Republic of the Congo,39.51
Palau,39.33
Bahamas,39.29
Zimbabwe,38.42
United States of America,36.19
Eritrea,35.11
Kyrgyzstan,34.02
Venezuela,32.24
Laos,31.52
Estonia,31.29
Latvia,30.32
Angola,26.36
Peru,25.76
Chile,25.71
Brazil,25.43
Somalia,25.33
Vanuatu,25.2
Sudan,24.84
Zambia,24.73
Sweden,24.61
Solomon Islands,24.54
Bhutan,20.24
Uruguay,19.85
Papua New Guinea,19.76
Niger,19.11
Algeria,18.41
South Sudan,18.32
New Zealand,18.31
Finland,18.23
Paraguay,17.95
Belize,17.43
Mali,16.6
Argentina,16.51
Oman,16.5
Saudi Arabia,16.19
Congo (Congo-Brazzaville),16.16
Norway,14.84
Chad,13.04
Turkmenistan,12.83
Bolivia,10.78
Central African Republic,7.75
Botswana,4.15
Canada,4.15
Australia,3.32